#,year,article,Protein 1,Protein 2,ALF-sc,Optic Atrophy-sc,OI-sc,Short Stature-sc,low-IG-sc,low-NK-sc
1,2015,"Neuroblastoma Amplified Sequence (NBAS) mutation in recurrent acute liver failure: Confirmatory report in a sibship with very early onset, osteoporosis and developmental delay",Arg137Trp,Arg137Trp,1,0,1,0,NA,NA
2,2015,Biallelic Mutations in NBAS Cause Recurrent Acute Liver Failure with Onset in Infancy,Leu903Arg,Leu903Arg,1,0,0,0,0,1
3,2015,Biallelic Mutations in NBAS Cause Recurrent Acute Liver Failure with Onset in Infancy,Leu202del,Leu1055Pro,1,0,0,1,0,1
4,2016,"Recurrent acute liver failure due to NBAS deficiency: phenotypic spectrum, disease mechanisms, and therapeutic concepts",Arg137Trp,Trp396Arg,1,0,1,1,0,1
5,2017,Acute Liver Failure Secondary to Neuroblastoma Amplified Sequence Deficiency,Arg137Trp,Val253Gly,1,NA,0,1,0,0
6,2018,Mutations in the Neuroblastoma Amplified Sequence gene in a family affected by Acrofrontofacionasal Dysostosis type 1,del2078_2145,del2078_2145,0,1,0,1,NA,NA
7,2019,"Mutation in the Neuroblastoma Amplified Sequence Gene as a Cause of Recurrent Acute Liver Failure, Acute Kidney Injury, and Status Epilepticus",Gly254Asp,Gly254Asp,1,0,0,0,0,0
8,2019,Novel neuroblastoma amplified sequence (NBAS) mutations in a Japanese boy with fever-triggered recurrent acute liver failure,Gly340Arg,Val892Phe,1,0,0,1,0,0
9,2019,Immunological Features of Neuroblastoma Amplified Sequence Deficiency: Report of the First Case Identified Through Newborn Screening for Primary Immunodeficiency and Review of the Literature,Pro650Ser,Pro650Ser,0,0,0,1,1,1
10,2020,Pituitary stalk interruption syndrome is characterized by genetic heterogeneity,p.R2104Q,p.L373P,1,NA,NA,NA,NA,NA
11,2020,"Mutations in NBAS and SCYL1, genetic causes of recurrent liver failure in children: Three case reports and a literature review",Arg941His,Arg941His,1,NA,NA,NA,NA,1
12,2020,"Mutations in NBAS and SCYL1, genetic causes of recurrent liver failure in children: Three case reports and a literature review",Leu903Arg,Leu903Arg,1,NA,NA,NA,NA,1
13,2020,Infantile fever-triggered acute liver failure caused by novel neuroblastoma amplified sequence mutations: a case report,Ser1129Phe,Met1Leu,1,0,0,0,0,0
14,2020,Identification of a Novel Compound Heterozygous Variant in NBAS Causing Bone Fragility by the Type of Osteogenesis Imperfecta,Trp845Cys,Arg1914His,1,1,1,1,1,NA
15,2020,Defining clinical subgroups and genotype–phenotype correlations in NBAS-associated disease across 110 patients,Leu271Pro,Leu271Pro,1,0,0,1,1,0
16,2020,Defining clinical subgroups and genotype–phenotype correlations in NBAS-associated disease across 110 patients,Thr731Pro,Thr731Pro,1,0,0,1,0,0
17,2020,Defining clinical subgroups and genotype–phenotype correlations in NBAS-associated disease across 110 patients,Pro777His,Pro777His,1,0,0,0,0,0
18,2017,Neuroblastoma amplified sequence gene mutation: A rare cause of recurrent liver failure in children,His940Pro,His940Pro,1,0,0,0,0,1
19,2020,Defining clinical subgroups and genotype–phenotype correlations in NBAS-associated disease across 110 patients,Ser1129Phe,Ser1129Phe,1,0,0,0,0,0
20,2020,Defining clinical subgroups and genotype–phenotype correlations in NBAS-associated disease across 110 patients,Gln1201Pro,Gln1201Pro,1,0,0,0,0,0
21,2020,Defining clinical subgroups and genotype–phenotype correlations in NBAS-associated disease across 110 patients,Cys256Tyr,Phe671Cys,0,0,0,1,0,0
22,2018,"Konstantopoulou et al., 2018",Trp845Cys,Ala1921Pro,1,0,NA,1,NA,NA
23,2020,"NBAS disease: 14 new patients, a recurrent mutation, and genotype–phenotype correlation among 24 Chinese patients",Gly340Arg,Arg1914Cys,1,0,NA,1,0,NA
24,2020,"NBAS disease: 14 new patients, a recurrent mutation, and genotype–phenotype correlation among 24 Chinese patients",His855_Gln859del,Cys1199Tyr,1,0,NA,0,0,NA
25,2020,"NBAS disease: 14 new patients, a recurrent mutation, and genotype–phenotype correlation among 24 Chinese patients",Ser343Asn,Arg1914His,0,0,NA,NA,0,NA
26,2020,"NBAS disease: 14 new patients, a recurrent mutation, and genotype–phenotype correlation among 24 Chinese patients",Tyr747Asp,Arg2335Trp,0,0,NA,1,1,NA
27,2021,Resolution of recurrent pediatric acute liver failure with liver transplantation in a patient with NBAS mutation,Arg517Cys,Leu1549Pro,1,0,0,1,1,1
28,2021,Case Report: Pediatric Recurrent Acute Liver Failure Caused by Neuroblastoma Amplified Sequence (NBAS) Gene Mutations,Cys1199Tyr,216-248del,1,0,0,0,NA,NA
29,2021,Characterization of a complex phenotype (fever-dependent recurrent acute liver failure and osteogenesis imperfecta) due to NBAS and P4HB variants,Leu422Pro,Arg517Cys,1,0,1,1,0,0
30,2021,Comb Foveal hypoplasia in short stature with optic atrophy and Pelger-Hu€ et anomaly syndrome with neuroblastoma-amplified sequence (NBAS) gene mutation,Arg1914His,Arg1914His,0,1,0,1,1,1
31,2021,Study of Acute Liver Failure in Children Using Next Generation Sequencing Technology,Tyr1578dup,Tyr1578dup,1,NA,NA,NA,NA,NA
32,2021,Study of Acute Liver Failure in Children Using Next Generation Sequencing Technology,Arg64His,Val568Ile,1,NA,NA,NA,NA,NA
33,2021,Study of Acute Liver Failure in Children Using Next Generation Sequencing Technology,575_735dup,575_735dup,1,NA,NA,NA,NA,NA
34,2021,"NBAS deficiency due to biallelic c.2809C > G variant presenting with recurrent acute liver failure with severe hyperammonemia, acquired microcephaly and progressive brain atrophy",Pro937Ala,Pro937Ala,1,0,0,0,0,NA
35,2021,Liver involvement in neuroblastoma amplified sequence gene deficiency is not limited to acute injury: Fibrosis silently continues,Gln1201Pro,Gln1201Pro,1,0,0,0,0,NA
36,2021,Liver involvement in neuroblastoma amplified sequence gene deficiency is not limited to acute injury: Fibrosis silently continues,Val519Glu,Val519Glu,1,0,1,0,1,1
37,2021,Liver involvement in neuroblastoma amplified sequence gene deficiency is not limited to acute injury: Fibrosis silently continues,Ala103Thr,Phe1707Ile,0,0,0,1,0,NA
38,2021,Novel compound heterozygous variants in the NBAS gene in a child with osteogenesis imperfecta and recurrent acute liver failure,Arg517Cys,Glu151Lys,1,0,1,1,0,0
39,2022,Distinct diagnostic trajectories in NBAS-associated acute liver failure highlights the need for timely functional studies,Ile984Ser,Arg136Gly,1,0,0,0,0,NA
40,2022,Case report: A novel cause of acute liver failure in children: A combination of human herpesvirus-6 infection and homozygous mutation in NBAS gene,Cys1199Tyr,Cys1199Tyr,1,NA,NA,NA,0,1
41,2022,"NBAS, a gene involved in cytotoxic degranulation, is recurrently mutated in pediatric hemophagocytic lymphohistiocytosis",Gln2232Glu,Pro454Arg,NA,NA,NA,NA,NA,1
42,2022,"NBAS, a gene involved in cytotoxic degranulation, is recurrently mutated in pediatric hemophagocytic lymphohistiocytosis",Arg1073Cys,Met1743Val,NA,NA,NA,NA,NA,1
43,2022,"NBAS, a gene involved in cytotoxic degranulation, is recurrently mutated in pediatric hemophagocytic lymphohistiocytosis",Lys1517Glu,Pro1474Leu,NA,NA,NA,NA,NA,1
44,2022,"NBAS, a gene involved in cytotoxic degranulation, is recurrently mutated in pediatric hemophagocytic lymphohistiocytosis",Glu2269Lys,Glu1521Gln,NA,NA,NA,NA,NA,1
45,2022,"NBAS, a gene involved in cytotoxic degranulation, is recurrently mutated in pediatric hemophagocytic lymphohistiocytosis",Tyr1495His,Thr1097Met,NA,NA,NA,NA,NA,1
